Date,Rain (in)
2025-02-14 (Fri),0.89
2025-02-13 (Thu),0.21
2025-02-12 (Wed),0.12
2025-02-11 (Tue),0
2025-02-10 (Mon),0
2025-02-09 (Sun),0
2025-02-08 (Sat),0
2025-02-07 (Fri),0.32
2025-02-06 (Thu),0.03
2025-02-05 (Wed),0.1
2025-02-04 (Tue),0
2025-02-03 (Mon),0.01
2025-02-02 (Sun),0.01
2025-02-01 (Sat),0
2025-01-31 (Fri),0
2025-01-30 (Thu),0.01
2025-01-29 (Wed),0
2025-01-28 (Tue),0
2025-01-27 (Mon),0.03
2025-01-26 (Sun),0.07
2025-01-25 (Sat),0
2025-01-24 (Fri),0
2025-01-23 (Thu),0
2025-01-22 (Wed),0
2025-01-21 (Tue),0
2025-01-20 (Mon),0
2025-01-19 (Sun),0
2025-01-18 (Sat),0
2025-01-17 (Fri),0
2025-01-16 (Thu),0
2025-01-15 (Wed),0
2025-01-14 (Tue),0
2025-01-13 (Mon),0
2025-01-12 (Sun),0
2025-01-11 (Sat),0
2025-01-10 (Fri),0
2025-01-09 (Thu),0
2025-01-08 (Wed),0
2025-01-07 (Tue),0
2025-01-06 (Mon),0
2025-01-05 (Sun),0
2025-01-04 (Sat),0
2025-01-03 (Fri),0
2025-01-02 (Thu),0
2025-01-01 (Wed),0
2024-12-31 (Tue),0
2024-12-30 (Mon),0
2024-12-29 (Sun),0
2024-12-28 (Sat),0.01
2024-12-27 (Fri),0
2024-12-26 (Thu),0
2024-12-25 (Wed),0.21
2024-12-24 (Tue),0.05
2024-12-23 (Mon),0
2024-12-22 (Sun),0
2024-12-21 (Sat),0
2024-12-20 (Fri),0
2024-12-19 (Thu),0
2024-12-18 (Wed),0
2024-12-17 (Tue),0
2024-12-16 (Mon),0
2024-12-15 (Sun),0.11
2024-12-14 (Sat),0
2024-12-13 (Fri),0